{"cameraMode":{"drawMode":0,"name":"Shaded","section":"Shading Mode"},"sceneLighting":false,"audioPlay":false,"sceneViewState":{"m_AlwaysRefresh":false,"showFog":true,"showSkybox":false,"showFlares":true,"showImageEffects":true,"showParticleSystems":true,"showVisualEffectGraphs":true,"m_FxEnabled":true},"in2DMode":false,"pivot":{"x":-31.488739013671876,"y":0.4521362781524658,"z":35.080223083496097},"rotation":{"x":-0.3338618576526642,"y":-0.027218369767069818,"z":0.009476833045482636,"w":-0.9423136115074158},"size":10.739394187927246,"orthographic":false}