{"cameraMode":{"drawMode":0,"name":"Shaded","section":"Shading Mode"},"sceneLighting":false,"audioPlay":false,"sceneViewState":{"m_AlwaysRefresh":false,"showFog":true,"showSkybox":false,"showFlares":true,"showImageEffects":true,"showParticleSystems":true,"showVisualEffectGraphs":true,"m_FxEnabled":true},"in2DMode":false,"pivot":{"x":-128.97352600097657,"y":29.272998809814454,"z":-4.78690767288208},"rotation":{"x":0.036922961473464969,"y":0.9593029618263245,"z":-0.14970619976520539,"w":0.23658865690231324},"size":33.61631774902344,"orthographic":false}