{"cameraMode":{"drawMode":0,"name":"Shaded","section":"Shading Mode"},"sceneLighting":true,"audioPlay":false,"sceneViewState":{"m_AlwaysRefresh":false,"showFog":true,"showSkybox":true,"showFlares":true,"showImageEffects":true,"showParticleSystems":true,"showVisualEffectGraphs":true,"m_FxEnabled":true},"in2DMode":false,"pivot":{"x":66.64778137207031,"y":12.770709037780762,"z":-36.202659606933597},"rotation":{"x":0.03361216560006142,"y":-0.8416187763214111,"z":0.04654466733336449,"w":0.5384965538978577},"size":11.669944763183594,"orthographic":false}