{"cameraMode":{"drawMode":0,"name":"Shaded","section":"Shading Mode"},"sceneLighting":false,"audioPlay":false,"sceneViewState":{"m_AlwaysRefresh":false,"showFog":true,"showSkybox":false,"showFlares":true,"showImageEffects":true,"showParticleSystems":true,"showVisualEffectGraphs":true,"m_FxEnabled":true},"in2DMode":false,"pivot":{"x":-170.59555053710938,"y":4.268167495727539,"z":-6.845590591430664},"rotation":{"x":-0.0062420968897640709,"y":0.9878681898117065,"z":-0.14961431920528413,"w":-0.04121733456850052},"size":10.213299751281739,"orthographic":false}