{"cameraMode":{"drawMode":0,"name":"Shaded","section":"Shading Mode"},"sceneLighting":false,"audioPlay":false,"sceneViewState":{"m_AlwaysRefresh":false,"showFog":true,"showSkybox":false,"showFlares":true,"showImageEffects":true,"showParticleSystems":true,"showVisualEffectGraphs":true,"m_FxEnabled":true},"in2DMode":false,"pivot":{"x":35.84687805175781,"y":2.254939079284668,"z":-0.7250142693519592},"rotation":{"x":0.07241939753293991,"y":-0.9103291034698486,"z":0.17934644222259522,"w":0.36923661828041079},"size":2.5985288619995119,"orthographic":false}