{"cameraMode":{"drawMode":0,"name":"Shaded","section":"Shading Mode"},"sceneLighting":true,"audioPlay":false,"sceneViewState":{"m_AlwaysRefresh":false,"showFog":true,"showSkybox":true,"showFlares":true,"showImageEffects":true,"showParticleSystems":true,"showVisualEffectGraphs":true,"m_FxEnabled":true},"in2DMode":false,"pivot":{"x":4.807453155517578,"y":12.33265209197998,"z":39.142730712890628},"rotation":{"x":0.18129774928092957,"y":-0.036819372326135638,"z":0.007115276996046305,"w":0.9829841256141663},"size":48.607791900634769,"orthographic":false}