{"cameraMode":{"drawMode":0,"name":"Shaded","section":"Shading Mode"},"sceneLighting":true,"audioPlay":false,"sceneViewState":{"m_AlwaysRefresh":false,"showFog":true,"showSkybox":true,"showFlares":true,"showImageEffects":true,"showParticleSystems":true,"showVisualEffectGraphs":true,"m_FxEnabled":true},"in2DMode":false,"pivot":{"x":112.7072982788086,"y":-538.0738525390625,"z":694.9323120117188},"rotation":{"x":0.33225736021995547,"y":0.09513615816831589,"z":-0.03370870649814606,"w":0.9377885460853577},"size":467.27325439453127,"orthographic":false}