{"cameraMode":{"drawMode":0,"name":"Shaded","section":"Shading Mode"},"sceneLighting":true,"audioPlay":false,"sceneViewState":{"m_AlwaysRefresh":false,"showFog":true,"showSkybox":true,"showFlares":true,"showImageEffects":true,"showParticleSystems":true,"showVisualEffectGraphs":true,"m_FxEnabled":true},"in2DMode":false,"pivot":{"x":-0.975527286529541,"y":-3.8501203060150148,"z":57.6039924621582},"rotation":{"x":0.09836631268262863,"y":0.0026998205576092006,"z":0.005053013563156128,"w":0.9963102340698242},"size":35.83743667602539,"orthographic":false}