{"cameraMode":{"drawMode":0,"name":"Shaded","section":"Shading Mode"},"sceneLighting":true,"audioPlay":false,"sceneViewState":{"m_AlwaysRefresh":false,"showFog":true,"showSkybox":true,"showFlares":true,"showImageEffects":true,"showParticleSystems":true,"showVisualEffectGraphs":true,"m_FxEnabled":true},"in2DMode":false,"pivot":{"x":-0.5623764395713806,"y":4.2317280769348148,"z":10.274560928344727},"rotation":{"x":-0.04202006384730339,"y":0.22584810853004456,"z":-0.008800598792731762,"w":-0.9740874767303467},"size":5.225487232208252,"orthographic":false}