{"cameraMode":{"drawMode":0,"name":"Shaded","section":"Shading Mode"},"sceneLighting":true,"audioPlay":false,"sceneViewState":{"m_AlwaysRefresh":false,"showFog":true,"showSkybox":true,"showFlares":true,"showImageEffects":true,"showParticleSystems":true,"showVisualEffectGraphs":true,"m_FxEnabled":true},"in2DMode":false,"pivot":{"x":-5.296965599060059,"y":9.638911247253418,"z":50.88034439086914},"rotation":{"x":-0.07044467329978943,"y":-0.15248753130435944,"z":0.011533299461007119,"w":-0.9863188862800598},"size":55.302921295166019,"orthographic":false}