{"cameraMode":{"drawMode":0,"name":"Shaded","section":"Shading Mode"},"sceneLighting":true,"audioPlay":false,"sceneViewState":{"m_AlwaysRefresh":false,"showFog":true,"showSkybox":true,"showFlares":true,"showImageEffects":true,"showParticleSystems":true,"showVisualEffectGraphs":true,"m_FxEnabled":true},"in2DMode":false,"pivot":{"x":-27.19100570678711,"y":-0.5829249620437622,"z":31.689348220825197},"rotation":{"x":0.08911797404289246,"y":0.0830637738108635,"z":-0.006683030631393194,"w":0.9935069680213928},"size":15.881455421447754,"orthographic":false}