{"cameraMode":{"drawMode":0,"name":"Shaded","section":"Shading Mode"},"sceneLighting":true,"audioPlay":false,"sceneViewState":{"m_AlwaysRefresh":false,"showFog":true,"showSkybox":true,"showFlares":true,"showImageEffects":true,"showParticleSystems":true,"showVisualEffectGraphs":true,"m_FxEnabled":true},"in2DMode":false,"pivot":{"x":1.6008762121200562,"y":-15.409274101257325,"z":57.10286331176758},"rotation":{"x":-0.5239876508712769,"y":0.0030319320503622295,"z":-0.0019236088264733554,"w":-0.8519688248634338},"size":64.55432891845703,"orthographic":false}