{"cameraMode":{"drawMode":0,"name":"Shaded","section":"Shading Mode"},"sceneLighting":true,"audioPlay":false,"sceneViewState":{"m_AlwaysRefresh":false,"showFog":true,"showSkybox":true,"showFlares":true,"showImageEffects":true,"showParticleSystems":true,"showVisualEffectGraphs":true,"m_FxEnabled":true},"in2DMode":false,"pivot":{"x":17.714832305908204,"y":3.391658306121826,"z":6.401548862457275},"rotation":{"x":-0.015399891883134842,"y":-0.6657494902610779,"z":0.015653206035494806,"w":-0.7468389272689819},"size":14.233917236328125,"orthographic":false}